{"model":{"version":2,"nodes":[{"name":"RootNode","position":[0,0,0],"rotation":[0,0,0],"scale":[1,1,1]},{"name":"Model","position":[0,0,0],"rotation":[0,0,0],"scale":[0.01,0.01,0.01]},{"name":"Mesh1","position":[0,0,0],"rotation":[0,0,0],"scale":[1,1,1]}],"parents":[-1,0,1],"skins":[],"vertices":[{"position":{"type":"float32","components":3,"data":[-44.6363,0,-40.0949,32.738,0,50.2814,-50.2814,0,32.738,50.2814,0,-32.738,53.4927,0,27.176,40.0949,0,-44.6363,-32.738,0,-50.2814,12.405,0,-58.7036,58.7036,0,12.405,57.0413,0,-18.6087,59.914,0,-3.21126,44.6363,0,40.0949,-27.176,0,53.4927,-12.405,0,58.7036,18.6087,0,57.0413,3.21126,0,59.914,-40.0949,0,44.6363,-57.0413,0,18.6087,-58.7036,0,-12.405,-59.914,0,3.21126,-53.4927,0,-27.176,-18.6087,0,-57.0413,-3.21126,0,-59.914,27.176,0,-53.4927,-50.2814,6,32.738,-27.176,6,53.4927,32.738,6,50.2814,40.0949,6,-44.6363,-44.6363,6,-40.0949,57.0413,6,-18.6087,58.7036,6,12.405,59.914,6,-3.21126,50.2814,6,-32.738,12.405,6,-58.7036,27.176,6,-53.4927,-32.738,6,-50.2814,-18.6087,6,-57.0413,-3.21126,6,-59.914,-58.7036,6,-12.405,-53.4927,6,-27.176,-57.0413,6,18.6087,-59.914,6,3.21126,-40.0949,6,44.6363,-12.405,6,58.7036,18.6087,6,57.0413,3.21126,6,59.914,53.4927,6,27.176,44.6363,6,40.0949,57.0413,6,-18.6087,59.914,6,-3.21126,59.914,0,-3.21126,57.0413,0,-18.6087,59.914,6,-3.21126,58.7036,6,12.405,58.7036,0,12.405,59.914,0,-3.21126,58.7036,6,12.405,53.4927,6,27.176,53.4927,0,27.176,58.7036,0,12.405,53.4927,6,27.176,44.6363,6,40.0949,44.6363,0,40.0949,53.4927,0,27.176,44.6363,6,40.0949,32.738,6,50.2814,32.738,0,50.2814,44.6363,0,40.0949,32.738,6,50.2814,18.6087,6,57.0413,18.6087,0,57.0413,32.738,0,50.2814,18.6087,6,57.0413,3.21126,6,59.914,3.21126,0,59.914,18.6087,0,57.0413,3.21126,6,59.914,-12.405,6,58.7036,-12.405,0,58.7036,3.21126,0,59.914,-12.405,6,58.7036,-27.176,6,53.4927,-27.176,0,53.4927,-12.405,0,58.7036,-27.176,6,53.4927,-40.0949,6,44.6363,-40.0949,0,44.6363,-27.176,0,53.4927,-40.0949,6,44.6363,-50.2814,0,32.738,-40.0949,0,44.6363,-50.2814,6,32.738,-50.2814,6,32.738,-57.0413,0,18.6087,-50.2814,0,32.738,-57.0413,6,18.6087,-57.0413,6,18.6087,-59.914,0,3.21126,-57.0413,0,18.6087,-59.914,6,3.21126,-59.914,6,3.21126,-58.7036,0,-12.405,-59.914,0,3.21126,-58.7036,6,-12.405,-58.7036,6,-12.405,-53.4927,0,-27.176,-58.7036,0,-12.405,-53.4927,6,-27.176,-53.4927,6,-27.176,-44.6363,0,-40.0949,-53.4927,0,-27.176,-44.6363,6,-40.0949,-32.738,0,-50.2814,-44.6363,0,-40.0949,-44.6363,6,-40.0949,-32.738,6,-50.2814,-18.6087,0,-57.0413,-32.738,0,-50.2814,-32.738,6,-50.2814,-18.6087,6,-57.0413,-18.6087,6,-57.0413,-3.21126,0,-59.914,-18.6087,0,-57.0413,-3.21126,6,-59.914,-3.21126,6,-59.914,12.405,0,-58.7036,-3.21126,0,-59.914,12.405,6,-58.7036,27.176,0,-53.4927,12.405,0,-58.7036,12.405,6,-58.7036,27.176,6,-53.4927,40.0949,0,-44.6363,27.176,0,-53.4927,27.176,6,-53.4927,40.0949,6,-44.6363,40.0949,6,-44.6363,50.2814,6,-32.738,50.2814,0,-32.738,40.0949,0,-44.6363,50.2814,6,-32.738,57.0413,6,-18.6087,57.0413,0,-18.6087,50.2814,0,-32.738]},"normal":{"type":"float32","components":3,"data":[0,-1,0,0,-1,0,0,-1,0,0,-1,0,0,-1,0,0,-1,0,0,-1,0,0,-1,0,0,-1,0,0,-1,0,0,-1,0,0,-1,0,0,-1,0,0,-1,0,0,-1,0,0,-1,0,0,-1,0,0,-1,0,0,-1,0,0,-1,0,0,-1,0,0,-1,0,0,-1,0,0,-1,0,0,1,0,0,1,0,0,1,0,0,1,0,0,1,0,0,1,0,0,1,0,0,1,0,0,1,0,0,1,0,0,1,0,0,1,0,0,1,0,0,1,0,0,1,0,0,1,0,0,1,0,0,1,0,0,1,0,0,1,0,0,1,0,0,1,0,0,1,0,0,1,0,0.950689,0,-0.310145,0.998567,0,-0.0535211,0.998567,0,-0.0535211,0.950689,0,-0.310145,0.998567,0,-0.0535211,0.978394,0,0.206751,0.978394,0,0.206751,0.998567,0,-0.0535211,0.978394,0,0.206751,0.891545,0,0.452933,0.891545,0,0.452933,0.978394,0,0.206751,0.891545,0,0.452933,0.743938,0,0.668248,0.743938,0,0.668248,0.891545,0,0.452933,0.743938,0,0.668248,0.545634,0,0.838024,0.545634,0,0.838024,0.743938,0,0.668248,0.545634,0,0.838024,0.310145,0,0.950689,0.310145,0,0.950689,0.545634,0,0.838024,0.310145,0,0.950689,0.0535211,0,0.998567,0.0535211,0,0.998567,0.310145,0,0.950689,0.0535211,0,0.998567,-0.206751,0,0.978394,-0.206751,0,0.978394,0.0535211,0,0.998567,-0.206751,0,0.978394,-0.452933,0,0.891545,-0.452933,0,0.891545,-0.206751,0,0.978394,-0.452933,0,0.891545,-0.668248,0,0.743938,-0.668248,0,0.743938,-0.452933,0,0.891545,-0.668248,0,0.743938,-0.838024,0,0.545634,-0.668248,0,0.743938,-0.838024,0,0.545634,-0.838024,0,0.545634,-0.950689,0,0.310145,-0.838024,0,0.545634,-0.950689,0,0.310145,-0.950689,0,0.310145,-0.998567,0,0.0535211,-0.950689,0,0.310145,-0.998567,0,0.0535211,-0.998567,0,0.0535211,-0.978394,0,-0.206751,-0.998567,0,0.0535211,-0.978394,0,-0.206751,-0.978394,0,-0.206751,-0.891545,0,-0.452933,-0.978394,0,-0.206751,-0.891545,0,-0.452933,-0.891545,0,-0.452933,-0.743938,0,-0.668248,-0.891545,0,-0.452933,-0.743938,0,-0.668248,-0.545634,0,-0.838024,-0.743938,0,-0.668248,-0.743938,0,-0.668248,-0.545634,0,-0.838024,-0.310145,0,-0.950689,-0.545634,0,-0.838024,-0.545634,0,-0.838024,-0.310145,0,-0.950689,-0.310145,0,-0.950689,-0.0535211,0,-0.998567,-0.310145,0,-0.950689,-0.0535211,0,-0.998567,-0.0535211,0,-0.998567,0.206751,0,-0.978394,-0.0535211,0,-0.998567,0.206751,0,-0.978394,0.452933,0,-0.891545,0.206751,0,-0.978394,0.206751,0,-0.978394,0.452933,0,-0.891545,0.668248,0,-0.743938,0.452933,0,-0.891545,0.452933,0,-0.891545,0.668248,0,-0.743938,0.668248,0,-0.743938,0.838024,0,-0.545634,0.838024,0,-0.545634,0.668248,0,-0.743938,0.838024,0,-0.545634,0.950689,0,-0.310145,0.950689,0,-0.310145,0.838024,0,-0.545634]},"texCoord0":{"type":"float32","components":2,"data":[44.6363,40.0949,-32.738,-50.2814,50.2814,-32.738,-50.2814,32.738,-53.4927,-27.176,-40.0949,44.6363,32.738,50.2814,-12.405,58.7036,-58.7036,-12.405,-57.0413,18.6087,-59.914,3.21126,-44.6363,-40.0949,27.176,-53.4927,12.405,-58.7036,-18.6087,-57.0413,-3.21126,-59.914,40.0949,-44.6363,57.0413,-18.6087,58.7036,12.405,59.914,-3.21126,53.4927,27.176,18.6087,57.0413,3.21126,59.914,-27.176,53.4927,-50.2814,-32.738,-27.176,-53.4927,32.738,-50.2814,40.0949,44.6363,-44.6363,40.0949,57.0413,18.6087,58.7036,-12.405,59.914,3.21126,50.2814,32.738,12.405,58.7036,27.176,53.4927,-32.738,50.2814,-18.6087,57.0413,-3.21126,59.914,-58.7036,12.405,-53.4927,27.176,-57.0413,-18.6087,-59.914,-3.21126,-40.0949,-44.6363,-12.405,-58.7036,18.6087,-57.0413,3.21126,-59.914,53.4927,-27.176,44.6363,-40.0949,7.83157,6,-7.83157,6,-7.83157,0,7.83157,0,7.83157,6,-7.83157,6,-7.83157,0,7.83157,0,7.83157,6,-7.83157,6,-7.83157,0,7.83157,0,7.83157,6,-7.83157,6,-7.83157,0,7.83157,0,7.83157,6,-7.83157,6,-7.83157,0,7.83157,0,7.83157,6,-7.83157,6,-7.83157,0,7.83157,0,7.83157,6,-7.83157,6,-7.83157,0,7.83157,0,7.83157,6,-7.83157,6,-7.83157,0,7.83157,0,7.83157,6,-7.83157,6,-7.83157,0,7.83157,0,7.83157,6,-7.83157,6,-7.83157,0,7.83157,0,7.83157,6,-7.83157,0,7.83157,0,-7.83157,6,7.83157,6,-7.83157,0,7.83157,0,-7.83157,6,7.83157,6,-7.83157,0,7.83157,0,-7.83157,6,7.83157,6,-7.83157,0,7.83157,0,-7.83157,6,7.83157,6,-7.83157,0,7.83157,0,-7.83157,6,7.83157,6,-7.83157,0,7.83157,0,-7.83157,6,-7.83157,0,7.83157,0,7.83157,6,-7.83157,6,-7.83157,0,7.83157,0,7.83157,6,-7.83157,6,7.83157,6,-7.83157,0,7.83157,0,-7.83157,6,7.83157,6,-7.83157,0,7.83157,0,-7.83157,6,-7.83157,0,7.83157,0,7.83157,6,-7.83157,6,-7.83157,0,7.83157,0,7.83157,6,-7.83157,6,7.83157,6,-7.83157,6,-7.83157,0,7.83157,0,7.83157,6,-7.83157,6,-7.83157,0,7.83157,0]}}],"meshes":[{"aabb":{"min":[-59.914,0,-59.914],"max":[59.914,6,59.914]},"vertices":0,